2018-01-02,51020,51380,51400,50780,8.46M,0.0012,2018-01-01,2018-01-03,0.036723164,-0.007006617
2018-01-03,51620,52540,52560,51420,9.92M,0.0118,2018-01-02,2018-01-04,0.022576878,-0.017510468
2018-01-04,51080,52120,52180,50640,11.64M,-0.0105,2018-01-03,2018-01-05,-0.007993909,-0.019953952
2018-01-05,52120,51300,52120,51200,9.33M,0.0204,2018-01-04,2018-01-06,-0.015732924,0.015984405
2018-01-08,52020,52400,52520,51500,8.36M,-0.0019,2018-01-07,2018-01-09,0.021442495,-0.007251908
2018-01-09,50400,51460,51720,49980,17.83M,-0.0311,2018-01-08,2018-01-10,-0.017938931,-0.020598523
2018-01-10,48840,50500,50520,48640,18.53M,-0.031,2018-01-09,2018-01-11,-0.018655266,-0.032871287
2018-01-11,48240,48200,49260,48020,23.95M,-0.0123,2018-01-10,2018-01-12,-0.045544554,0.000829876
2018-01-12,48200,48240,48480,46760,26.77M,-0.0008,2018-01-11,2018-01-13,0.000829876,-0.000829187
2018-01-15,48540,48800,48980,47920,10.08M,0.0071,2018-01-14,2018-01-16,0.011608624,-0.005327869
2018-01-16,50000,48760,50140,48620,13.20M,0.0301,2018-01-15,2018-01-17,-0.000819672,0.025430681
2018-01-17,49620,50020,50020,49060,10.57M,-0.0076,2018-01-16,2018-01-18,0.025840853,-0.007996801
2018-01-18,49900,50020,50640,49820,14.56M,0.0056,2018-01-17,2018-01-19,0,-0.00239904
2018-01-19,49320,50380,50380,49040,9.04M,-0.0116,2018-01-18,2018-01-20,0.007197121,-0.021040095
2018-01-22,48240,48640,48680,47960,12.31M,-0.0219,2018-01-21,2018-01-23,-0.034537515,-0.008223684
2018-01-23,49160,48660,49160,48300,12.86M,0.0191,2018-01-22,2018-01-24,0.000411184,0.01027538
2018-01-24,49340,48860,49700,48560,9.17M,0.0037,2018-01-23,2018-01-25,0.004110152,0.009823987
2018-01-25,50260,49220,50360,49160,10.99M,0.0186,2018-01-24,2018-01-26,0.00736799,0.021129622
2018-01-26,50780,50500,50780,49840,10.34M,0.0103,2018-01-25,2018-01-27,0.026005689,0.005544554
2018-01-29,51220,51200,51480,50900,11.64M,0.0087,2018-01-28,2018-01-30,0.013861386,0.000390625
2018-01-30,49800,50440,50640,49780,12.20M,-0.0277,2018-01-29,2018-01-31,-0.01484375,-0.012688343
2018-01-31,49900,50020,54140,49600,64.19M,0.002,2018-01-30,2018-02-01,-0.008326725,-0.00239904
2018-02-01,49820,50620,50960,49720,25.79M,-0.0016,2018-01-31,2018-02-02,0.011995202,-0.01580403
2018-02-02,47700,49380,49400,47700,27.89M,-0.0426,2018-02-01,2018-02-03,-0.024496247,-0.034021871
2018-02-05,47920,46500,48320,46000,25.87M,0.0046,2018-02-04,2018-02-06,-0.058323208,0.030537634
2018-02-06,47420,46600,47920,46580,18.25M,-0.0104,2018-02-05,2018-02-07,0.002150538,0.017596567
2018-02-07,45800,48240,48260,45800,23.37M,-0.0342,2018-02-06,2018-02-08,0.035193133,-0.050580431
2018-02-08,46000,46120,46620,45980,22.48M,0.0044,2018-02-07,2018-02-09,-0.043946932,-0.002601908
2018-02-09,44700,44440,45180,44420,17.40M,-0.0283,2018-02-08,2018-02-10,-0.036426713,0.005850585
2018-02-12,45720,45100,46320,45040,15.55M,0.0228,2018-02-11,2018-02-13,0.014851485,0.013747228
2018-02-13,47540,46200,48060,46200,18.75M,0.0398,2018-02-12,2018-02-14,0.024390244,0.029004329
2018-02-14,49000,48080,49100,47940,16.88M,0.0307,2018-02-13,2018-02-15,0.040692641,0.019134775
2018-02-19,48380,49800,49800,47860,14.77M,-0.0127,2018-02-18,2018-02-20,0.03577371,-0.028514056
2018-02-20,47400,48040,48160,47220,10.10M,-0.0203,2018-02-19,2018-02-21,-0.035341365,-0.013322231
2018-02-21,47280,47280,47580,46840,12.81M,-0.0025,2018-02-20,2018-02-22,-0.01582015,0
2018-02-22,46760,47260,47260,46760,8.67M,-0.011,2018-02-21,2018-02-23,-0.000423012,-0.010579771
2018-02-23,47220,46760,47800,46760,12.09M,0.0098,2018-02-22,2018-02-24,-0.010579771,0.009837468
2018-02-26,47380,47280,47560,47080,8.20M,0.0034,2018-02-25,2018-02-27,0.011120616,0.002115059
2018-02-27,47380,48360,48380,47380,9.41M,0,2018-02-26,2018-02-28,0.02284264,-0.020264682
2018-02-28,47060,47380,48100,47000,14.97M,-0.0068,2018-02-27,2018-03-01,-0.020264682,-0.006753905
2018-03-02,46020,46580,46800,46000,13.11M,-0.0221,2018-03-01,2018-03-03,-0.016884762,-0.012022327
2018-03-05,45200,45820,46160,45080,13.27M,-0.0178,2018-03-04,2018-03-06,-0.016316015,-0.013531209
2018-03-06,47020,45920,47100,45820,15.12M,0.0403,2018-03-05,2018-03-07,0.002182453,0.023954704
2018-03-07,48620,48200,48900,47220,21.20M,0.034,2018-03-06,2018-03-08,0.049651568,0.008713693
2018-03-08,49200,49200,49480,48080,19.43M,0.0119,2018-03-07,2018-03-09,0.020746888,0
2018-03-09,49740,49440,50540,49240,14.23M,0.011,2018-03-08,2018-03-10,0.004878049,0.006067961
2018-03-12,49740,50560,50780,49580,8.64M,0,2018-03-11,2018-03-13,0.022653722,-0.016218354
2018-03-13,51660,50760,51660,50360,20.06M,0.0386,2018-03-12,2018-03-14,0.003955696,0.017730496
2018-03-14,51760,51020,52000,51000,12.51M,0.0019,2018-03-13,2018-03-15,0.005122143,0.014504116
2018-03-15,51540,52000,52020,51020,8.64M,-0.0043,2018-03-14,2018-03-16,0.019208154,-0.008846154
2018-03-16,51140,51220,51420,50240,12.11M,-0.0078,2018-03-15,2018-03-17,-0.015,-0.00156189
2018-03-19,50740,50620,51340,50440,8.21M,-0.0078,2018-03-18,2018-03-20,-0.011714174,0.002370605
2018-03-20,51200,50700,51200,50100,8.08M,0.0091,2018-03-19,2018-03-21,0.001580403,0.009861933
2018-03-21,51060,51780,51780,51060,8.33M,-0.0027,2018-03-20,2018-03-22,0.021301775,-0.013904983
2018-03-22,51780,51060,51780,51040,8.28M,0.0141,2018-03-21,2018-03-23,-0.013904983,0.014101058
2018-03-23,49720,50340,50720,49600,14.66M,-0.0398,2018-03-22,2018-03-24,-0.014101058,-0.01231625
2018-03-26,50280,49420,50280,49040,10.04M,0.0113,2018-03-25,2018-03-27,-0.018275725,0.017401862
2018-03-27,49980,50320,50460,49080,11.84M,-0.006,2018-03-26,2018-03-28,0.018211251,-0.006756757
2018-03-28,48700,49100,49100,48340,15.06M,-0.0256,2018-03-27,2018-03-29,-0.024244833,-0.00814664
2018-03-29,49040,48700,49560,48320,9.69M,0.007,2018-03-28,2018-03-30,-0.00814664,0.00698152
2018-03-30,49220,49080,49900,49080,7.75M,0.0037,2018-03-29,2018-03-31,0.007802875,0.002852486
2018-04-02,48540,49000,49220,48500,7.10M,-0.0138,2018-04-01,2018-04-03,-0.001629992,-0.009387755
2018-04-03,48120,47880,48140,47280,12.69M,-0.0087,2018-04-02,2018-04-04,-0.022857143,0.005012531
2018-04-04,46920,48160,48260,46920,12.31M,-0.0249,2018-04-03,2018-04-05,0.005847953,-0.025747508
2018-04-05,48740,47400,49380,47340,13.24M,0.0388,2018-04-04,2018-04-06,-0.015780731,0.028270042
2018-04-06,48400,48000,48580,47400,10.95M,-0.007,2018-04-05,2018-04-07,0.012658228,0.008333333
2018-04-09,49200,48260,49440,48200,9.88M,0.0165,2018-04-08,2018-04-10,0.005416667,0.019477828
2018-04-10,48880,48540,49220,48040,10.93M,-0.0065,2018-04-09,2018-04-11,0.005801906,0.007004532
2018-04-11,48860,49900,49900,48600,10.03M,-0.0004,2018-04-10,2018-04-12,0.028018129,-0.020841683
2018-04-12,49000,49440,49440,48880,12.45M,0.0029,2018-04-11,2018-04-13,-0.009218437,-0.008899676
2018-04-13,49800,49600,50180,49400,10.26M,0.0163,2018-04-12,2018-04-14,0.003236246,0.004032258
2018-04-16,50340,50320,50600,49860,7.69M,0.0108,2018-04-15,2018-04-17,0.014516129,0.000397456
2018-04-17,49980,50240,50540,49820,7.76M,-0.0072,2018-04-16,2018-04-18,-0.001589825,-0.005175159
2018-04-18,51360,51000,51360,50580,13.44M,0.0276,2018-04-17,2018-04-19,0.015127389,0.007058824
2018-04-19,52780,52000,52980,51540,17.13M,0.0276,2018-04-18,2018-04-20,0.019607843,0.015
2018-04-20,51620,51800,52260,51420,11.65M,-0.022,2018-04-19,2018-04-21,-0.003846154,-0.003474903
2018-04-23,51900,51000,52080,51000,8.85M,0.0054,2018-04-22,2018-04-24,-0.015444015,0.017647059
2018-04-24,50460,51840,51860,50080,15.70M,-0.0277,2018-04-23,2018-04-25,0.016470588,-0.02662037
2018-04-25,50400,49220,50500,49220,16.55M,-0.0012,2018-04-24,2018-04-26,-0.050540123,0.023973994
2018-04-26,52140,50420,52160,50400,17.92M,0.0345,2018-04-25,2018-04-27,0.024380333,0.034113447
2018-04-27,53000,53380,53640,52440,28.28M,0.0165,2018-04-26,2018-04-28,0.058706862,-0.007118771
2018-05-04,51900,53000,53900,51800,39.42M,-0.0208,2018-05-03,2018-05-05,-0.007118771,-0.020754717
2018-05-08,52600,52600,53200,51900,22.96M,0.0135,2018-05-07,2018-05-09,0.013487476,0
2018-05-09,50900,52600,52800,50900,15.96M,-0.0323,2018-05-08,2018-05-10,0,-0.032319392
2018-05-10,51600,51700,51700,50600,13.76M,0.0138,2018-05-09,2018-05-11,-0.017110266,-0.001934236
2018-05-11,51300,52000,52200,51200,10.14M,-0.0058,2018-05-10,2018-05-12,0.005802708,-0.013461538
2018-05-14,50100,51000,51100,49900,14.84M,-0.0234,2018-05-13,2018-05-15,-0.019230769,-0.017647059
2018-05-15,49200,50200,50400,49100,17.01M,-0.018,2018-05-14,2018-05-16,-0.015686275,-0.019920319
2018-05-16,49850,49200,50200,49150,15.24M,0.0132,2018-05-15,2018-05-17,-0.019920319,0.013211382
2018-05-17,49400,50300,50500,49400,10.30M,-0.009,2018-05-16,2018-05-18,0.022357724,-0.017892644
2018-05-18,49500,49900,49900,49350,6.64M,0.002,2018-05-17,2018-05-19,-0.007952286,-0.008016032
2018-05-21,50000,49650,50200,49100,8.62M,0.0101,2018-05-20,2018-05-22,-0.00501002,0.007049345
2018-05-23,51800,50600,52000,50400,17.00M,0.036,2018-05-22,2018-05-24,0.012,0.023715415
2018-05-24,51400,52000,52000,51100,8.18M,-0.0077,2018-05-23,2018-05-25,0.027667984,-0.011538462
2018-05-25,52700,51000,52800,50800,15.17M,0.0253,2018-05-24,2018-05-26,-0.019230769,0.033333333
2018-05-28,52300,52500,53000,52000,9.75M,-0.0076,2018-05-27,2018-05-29,-0.003795066,-0.003809524
2018-05-29,51300,52200,52500,51300,8.43M,-0.0191,2018-05-28,2018-05-30,-0.005714286,-0.017241379
2018-05-30,49500,51300,51500,49100,20.20M,-0.0351,2018-05-29,2018-05-31,-0.017241379,-0.035087719
2018-05-31,50700,50400,50800,49850,35.94M,0.0242,2018-05-30,2018-06-01,-0.01754386,0.005952381
2018-06-01,51300,50500,51700,49950,12.44M,0.0118,2018-05-31,2018-06-02,0.001984127,0.015841584
2018-06-04,51100,50800,51200,50700,9.29M,-0.0039,2018-06-03,2018-06-05,-0.009746589,0.005905512
2018-06-05,51300,51100,51400,50400,8.86M,0.0039,2018-06-04,2018-06-06,0.005905512,0.003913894
2018-06-07,50600,51800,51800,50500,13.17M,-0.0136,2018-06-06,2018-06-08,0.009746589,-0.023166023
2018-06-08,49650,50200,50400,49600,16.58M,-0.0188,2018-06-07,2018-06-09,-0.030888031,-0.010956175
2018-06-11,49900,49750,50300,49350,10.50M,0.005,2018-06-10,2018-06-12,0.002014099,0.003015075
2018-06-12,49400,49700,49800,49250,11.43M,-0.01,2018-06-11,2018-06-13,-0.001005025,-0.006036217
2018-06-14,48200,49000,49000,48200,19.00M,-0.0243,2018-06-13,2018-06-15,-0.008097166,-0.016326531
2018-06-15,47650,48500,48700,47650,16.84M,-0.0114,2018-06-14,2018-06-16,-0.010204082,-0.017525773
2018-06-18,46600,47600,47650,46200,16.62M,-0.022,2018-06-17,2018-06-19,-0.001049318,-0.021008403
2018-06-19,47000,47200,47350,46500,15.17M,0.0086,2018-06-18,2018-06-20,-0.008403361,-0.004237288
2018-06-20,47000,47450,47600,46850,11.31M,0,2018-06-19,2018-06-21,0.00529661,-0.009483667
2018-06-21,47050,47900,47900,47050,9.98M,0.0011,2018-06-20,2018-06-22,0.009483667,-0.017745303
2018-06-22,47250,47000,47250,46200,10.25M,0.0043,2018-06-21,2018-06-23,-0.018789144,0.005319149
2018-06-25,46650,47050,47050,46150,9.52M,-0.0127,2018-06-24,2018-06-26,-0.004232804,-0.008501594
2018-06-26,47000,45900,47300,45900,11.14M,0.0075,2018-06-25,2018-06-27,-0.024442083,0.023965142
2018-06-27,47950,47450,48500,47000,15.09M,0.0202,2018-06-26,2018-06-28,0.033769063,0.010537408
2018-06-28,46800,46850,47150,46600,12.08M,-0.024,2018-06-27,2018-06-29,-0.012644889,-0.001067236
2018-06-29,46650,46250,47150,46200,13.69M,-0.0032,2018-06-28,2018-06-30,-0.01280683,0.008648649
2018-07-02,45550,46500,47150,45500,12.75M,-0.0236,2018-07-01,2018-07-03,0.005405405,-0.020430108
2018-07-03,46150,45750,46450,45750,10.43M,0.0132,2018-07-02,2018-07-04,-0.016129032,0.008743169
2018-07-04,46250,46700,47050,46050,8.13M,0.0022,2018-07-03,2018-07-05,0.020765027,-0.009635974
2018-07-05,45950,46100,46550,45600,6.91M,-0.0065,2018-07-04,2018-07-06,-0.012847966,-0.003253796
2018-07-06,44900,45500,45850,44650,17.78M,-0.0229,2018-07-05,2018-07-07,-0.013015184,-0.013186813
2018-07-09,45600,45500,46100,45200,11.59M,0.0156,2018-07-08,2018-07-10,0.013363029,0.002197802
2018-07-10,46300,46200,46550,46100,9.27M,0.0154,2018-07-09,2018-07-11,0.015384615,0.002164502
2018-07-11,46000,46400,46450,45400,10.82M,-0.0065,2018-07-10,2018-07-12,0.004329004,-0.00862069
2018-07-12,45500,45900,46250,45450,11.78M,-0.0109,2018-07-11,2018-07-13,-0.010775862,-0.008714597
2018-07-13,46500,45800,46500,45750,10.96M,0.022,2018-07-12,2018-07-14,-0.002178649,0.015283843
2018-07-16,46050,46800,46800,46000,7.54M,-0.0097,2018-07-15,2018-07-17,0.006451613,-0.016025641
2018-07-17,45850,46150,46200,45600,8.76M,-0.0043,2018-07-16,2018-07-18,-0.013888889,-0.006500542
2018-07-18,46550,46700,47200,46450,10.88M,0.0153,2018-07-17,2018-07-19,0.01191766,-0.003211991
2018-07-19,46900,47050,47200,46600,9.70M,0.0075,2018-07-18,2018-07-20,0.007494647,-0.003188098
2018-07-20,47450,47000,47600,46700,10.23M,0.0117,2018-07-19,2018-07-21,-0.001062699,0.009574468
2018-07-23,46500,47100,47200,46150,10.81M,-0.02,2018-07-22,2018-07-24,-0.007376185,-0.012738854
2018-07-24,46150,46350,46600,45950,7.92M,-0.0075,2018-07-23,2018-07-25,-0.015923567,-0.004314995
2018-07-25,46150,46250,46550,45900,7.21M,0,2018-07-24,2018-07-26,-0.002157497,-0.002162162
2018-07-26,46900,46100,47000,46000,7.34M,0.0163,2018-07-25,2018-07-27,-0.003243243,0.017353579
2018-07-27,46900,46450,47000,46450,4.75M,0,2018-07-26,2018-07-28,0.007592191,0.009687836
2018-07-30,46500,46550,46800,46350,5.52M,-0.0085,2018-07-29,2018-07-31,-0.007462687,-0.001074114
2018-07-31,46250,46200,46450,46000,7.59M,-0.0054,2018-07-30,2018-08-01,-0.007518797,0.001082251
2018-08-01,46550,46050,46850,46050,7.09M,0.0065,2018-07-31,2018-08-02,-0.003246753,0.010857763
2018-08-02,45550,46550,46800,45500,7.93M,-0.0215,2018-08-01,2018-08-03,0.010857763,-0.021482277
2018-08-03,45750,45850,45900,45450,7.44M,0.0044,2018-08-02,2018-08-04,-0.015037594,-0.002181025
2018-08-06,45800,46150,46150,45750,6.70M,0.0011,2018-08-05,2018-08-07,0.008743169,-0.007583965
2018-08-07,46700,46300,46750,45900,9.02M,0.0197,2018-08-06,2018-08-08,0.003250271,0.008639309
2018-08-08,46800,47000,47000,46550,6.37M,0.0021,2018-08-07,2018-08-09,0.01511879,-0.004255319
2018-08-09,46900,47000,47050,46450,11.40M,0.0021,2018-08-08,2018-08-10,0,-0.00212766
2018-08-10,45400,46150,46400,44850,16.53M,-0.032,2018-08-09,2018-08-11,-0.018085106,-0.016251354
2018-08-13,45050,44950,45100,44650,9.78M,-0.0077,2018-08-12,2018-08-14,-0.009911894,0.002224694
2018-08-14,45150,44850,45400,44850,6.37M,0.0022,2018-08-13,2018-08-15,-0.002224694,0.006688963
2018-08-16,44250,43800,44650,43700,10.07M,-0.0199,2018-08-15,2018-08-17,-0.029900332,0.010273973
2018-08-17,44100,44050,44400,44050,6.54M,-0.0034,2018-08-16,2018-08-18,0.005707763,0.001135074
2018-08-20,43850,43500,44200,43500,7.20M,-0.0057,2018-08-19,2018-08-21,-0.013605442,0.008045977
2018-08-21,44800,43700,44900,43700,9.47M,0.0217,2018-08-20,2018-08-22,0.004597701,0.025171625
2018-08-22,46100,45150,46200,44900,11.63M,0.029,2018-08-21,2018-08-23,0.033180778,0.021040975
2018-08-23,46200,46150,46200,45700,6.60M,0.0022,2018-08-22,2018-08-24,0.022148394,0.001083424
2018-08-24,46150,45900,46400,45550,6.44M,-0.0011,2018-08-23,2018-08-25,-0.005417118,0.005446623
2018-08-27,46300,46100,46550,46000,5.11M,0.0033,2018-08-26,2018-08-28,-0.001083424,0.004338395
2018-08-28,46550,46800,46950,46300,7.23M,0.0054,2018-08-27,2018-08-29,0.015184382,-0.00534188
2018-08-29,46800,46750,46800,46400,5.50M,0.0054,2018-08-28,2018-08-30,-0.001068376,0.001069519
2018-08-30,47650,46950,47950,46700,12.16M,0.0182,2018-08-29,2018-08-31,0.004278075,0.014909478
2018-08-31,48450,47100,48450,47000,13.51M,0.0168,2018-08-30,2018-09-01,0.003194888,0.02866242
2018-09-03,47450,48200,48300,47300,7.91M,-0.0206,2018-09-02,2018-09-04,-0.005159959,-0.015560166
2018-09-04,47650,47550,47800,47200,6.61M,0.0042,2018-09-03,2018-09-05,-0.013485477,0.002103049
2018-09-05,46600,47300,47450,46400,9.10M,-0.022,2018-09-04,2018-09-06,-0.005257624,-0.014799154
2018-09-06,46100,46200,46400,45800,8.57M,-0.0107,2018-09-05,2018-09-07,-0.023255814,-0.002164502
2018-09-07,44900,44500,45200,44400,17.73M,-0.026,2018-09-06,2018-09-08,-0.036796537,0.008988764
2018-09-10,45500,45450,45550,45000,7.87M,0.0134,2018-09-09,2018-09-11,0.012249443,0.00110011
2018-09-11,45050,45550,45900,45050,7.81M,-0.0099,2018-09-10,2018-09-12,0.00220022,-0.010976948
2018-09-12,44550,44900,45100,44500,11.17M,-0.0111,2018-09-11,2018-09-13,-0.014270033,-0.0077951
2018-09-13,44050,44550,44750,44000,17.93M,-0.0112,2018-09-12,2018-09-14,-0.0077951,-0.011223345
2018-09-14,45850,45000,45850,44900,12.03M,0.0409,2018-09-13,2018-09-15,0.01010101,0.018888889
2018-09-17,45150,45550,45800,44900,8.10M,-0.0153,2018-09-16,2018-09-18,-0.006543075,-0.008781559
2018-09-18,45500,44950,45900,44700,8.97M,0.0078,2018-09-17,2018-09-19,-0.013172338,0.012235818
2018-09-19,46150,46000,46200,45700,9.26M,0.0143,2018-09-18,2018-09-20,0.023359288,0.00326087
2018-09-20,47250,46850,47600,46400,13.40M,0.0238,2018-09-19,2018-09-21,0.018478261,0.008537887
2018-09-21,47400,46550,47550,46550,14.39M,0.0032,2018-09-20,2018-09-22,-0.006403415,0.018259936
2018-09-27,47500,46950,47500,46450,15.26M,0.0021,2018-09-26,2018-09-28,-0.009493671,0.01171459
2018-09-28,46450,47250,47250,46300,10.81M,-0.0221,2018-09-27,2018-09-29,0.006389776,-0.016931217
2018-10-01,46350,46450,46800,45800,6.31M,-0.0022,2018-09-30,2018-10-02,0,-0.002152853
2018-10-02,45700,46450,46700,45700,6.34M,-0.014,2018-10-01,2018-10-03,0,-0.016146394
2018-10-04,44700,45150,45600,44700,11.34M,-0.0219,2018-10-03,2018-10-05,-0.012035011,-0.009966777
2018-10-05,44700,44800,45500,44550,10.51M,0,2018-10-04,2018-10-06,-0.007751938,-0.002232143
2018-10-08,44950,44200,45200,44200,6.57M,0.0056,2018-10-07,2018-10-09,-0.011185682,0.016968326
2018-10-10,45300,45250,45500,44500,9.75M,0.0078,2018-10-09,2018-10-11,0.006674082,0.001104972
2018-10-11,43100,44000,44650,43100,18.87M,-0.0486,2018-10-10,2018-10-12,-0.027624309,-0.020454545
2018-10-12,44000,43200,44650,43200,12.37M,0.0209,2018-10-11,2018-10-13,-0.018181818,0.018518519
2018-10-15,43800,44050,44050,43350,7.19M,-0.0045,2018-10-14,2018-10-16,0.001136364,-0.005675369
2018-10-16,43600,43700,44150,43350,6.80M,-0.0046,2018-10-15,2018-10-17,-0.007945516,-0.00228833
2018-10-17,44150,44150,44500,44000,8.30M,0.0126,2018-10-16,2018-10-18,0.010297483,0
2018-10-18,44050,43950,44450,43700,8.09M,-0.0023,2018-10-17,2018-10-19,-0.004530011,0.002275313
2018-10-19,43900,43900,44150,43450,7.78M,-0.0034,2018-10-18,2018-10-20,-0.001137656,0
2018-10-22,43550,43450,43950,43200,7.79M,0.0023,2018-10-21,2018-10-23,0.001152074,0.002301496
2018-10-23,43050,43300,43450,42550,9.44M,-0.0115,2018-10-22,2018-10-24,-0.003452244,-0.005773672
2018-10-24,42550,43050,43100,42250,13.49M,-0.0116,2018-10-23,2018-10-25,-0.005773672,-0.011614402
2018-10-25,41000,40600,41550,40550,18.58M,-0.0364,2018-10-24,2018-10-26,-0.056910569,0.009852217
2018-10-26,41000,41100,41300,40400,14.00M,0,2018-10-25,2018-10-27,0.012315271,-0.00243309
2018-10-29,41400,40850,41950,40550,13.03M,0.0098,2018-10-28,2018-10-30,-0.006082725,0.013463892
2018-10-30,42350,41400,43000,41000,14.19M,0.0229,2018-10-29,2018-10-31,0.013463892,0.02294686
2018-10-31,42400,42900,43350,41700,16.99M,0.0012,2018-10-30,2018-11-01,0.036231884,-0.011655012
2018-11-01,42150,42450,42950,42150,12.92M,-0.0059,2018-10-31,2018-11-02,-0.01048951,-0.007067138
2018-11-02,44150,43050,44250,42800,16.50M,0.0474,2018-11-01,2018-11-03,0.014134276,0.025551684
2018-11-05,43800,43750,43800,42900,9.18M,0.0023,2018-11-04,2018-11-06,-0.001141553,0.001142857
2018-11-06,43750,43750,43800,42950,7.36M,-0.0011,2018-11-05,2018-11-07,0,0
2018-11-07,44000,43600,44500,43400,11.54M,0.0057,2018-11-06,2018-11-08,-0.003428571,0.009174312
2018-11-08,44050,44900,45050,44050,12.32M,0.0011,2018-11-07,2018-11-09,0.029816514,-0.018930958
2018-11-09,44300,44450,44850,43900,7.19M,0.0057,2018-11-08,2018-11-10,-0.010022272,-0.003374578
2018-11-12,45200,43850,45250,43700,8.49M,0.032,2018-11-11,2018-11-13,-0.001138952,0.030786773
2018-11-13,44500,43900,44500,43400,9.02M,-0.0155,2018-11-12,2018-11-14,0.001140251,0.013667426
2018-11-14,44100,44500,44500,43800,6.56M,-0.009,2018-11-13,2018-11-15,0.013667426,-0.008988764
2018-11-15,44250,44050,44350,43500,5.85M,0.0034,2018-11-14,2018-11-16,-0.01011236,0.004540295
2018-11-16,44000,44600,44750,43700,7.75M,-0.0056,2018-11-15,2018-11-17,0.012485812,-0.013452915
2018-11-19,43650,44050,44250,43450,7.50M,-0.0034,2018-11-18,2018-11-20,0.001136364,-0.00908059
2018-11-20,42800,42450,43000,42100,9.32M,-0.0195,2018-11-19,2018-11-21,-0.036322361,0.008244994
2018-11-21,42100,41800,42300,41800,10.68M,-0.0164,2018-11-20,2018-11-22,-0.015312132,0.007177033
2018-11-22,42450,42000,42650,42000,5.95M,0.0083,2018-11-21,2018-11-23,0.004784689,0.010714286
2018-11-23,42400,42450,42600,41900,5.18M,-0.0012,2018-11-22,2018-11-24,0.010714286,-0.001177856
2018-11-26,42600,42150,42800,42100,5.96M,0.0071,2018-11-25,2018-11-27,-0.002366864,0.010676157
2018-11-27,43050,42900,43100,42500,8.15M,0.0106,2018-11-26,2018-11-28,0.017793594,0.003496503
2018-11-28,43150,42800,43200,42750,6.86M,0.0023,2018-11-27,2018-11-29,-0.002331002,0.00817757
2018-11-29,43150,43850,43850,42900,8.44M,0,2018-11-28,2018-11-30,0.02453271,-0.015963512
2018-11-30,41850,43450,44000,41750,19.08M,-0.0301,2018-11-29,2018-12-01,-0.009122007,-0.036823936
2018-12-03,43250,42750,43400,42400,11.62M,0.0335,2018-12-02,2018-12-04,-0.016110472,0.011695906
2018-12-04,42150,42650,42900,41900,13.97M,-0.0254,2018-12-03,2018-12-05,-0.002339181,-0.011723329
2018-12-05,41450,40900,41750,40850,12.03M,-0.0166,2018-12-04,2018-12-06,-0.041031653,0.013447433
2018-12-06,40500,40600,41100,40450,14.06M,-0.0229,2018-12-05,2018-12-07,-0.007334963,-0.002463054
2018-12-07,40950,40900,41400,40850,11.41M,0.0111,2018-12-06,2018-12-08,0.007389163,0.001222494
2018-12-10,40200,40450,40650,40000,13.29M,-0.0183,2018-12-09,2018-12-11,-0.011002445,-0.00618047
2018-12-11,40250,40600,40700,40200,10.60M,0.0012,2018-12-10,2018-12-12,0.003708282,-0.00862069
2018-12-12,40450,40250,40700,40150,10.61M,0.005,2018-12-11,2018-12-13,-0.00862069,0.004968944
2018-12-13,40000,40650,40750,40000,22.70M,-0.0111,2018-12-12,2018-12-14,0.009937888,-0.01599016
2018-12-14,38950,40200,40200,38700,18.81M,-0.0263,2018-12-13,2018-12-15,-0.011070111,-0.031094527
2018-12-17,39150,38650,39600,38650,11.44M,0.0051,2018-12-16,2018-12-18,-0.038557214,0.012936611
2018-12-18,38900,38300,39200,38300,10.79M,-0.0064,2018-12-17,2018-12-19,-0.009055627,0.015665796
2018-12-19,39100,38900,39350,38850,9.51M,0.0051,2018-12-18,2018-12-20,0.015665796,0.005141388
2018-12-20,38650,38600,39100,38500,10.56M,-0.0115,2018-12-19,2018-12-21,-0.007712082,0.001295337
2018-12-21,38650,38200,38650,38100,14.04M,0,2018-12-20,2018-12-22,-0.010362694,0.011780105
2018-12-24,38800,38500,39050,38300,9.72M,0.0039,2018-12-23,2018-12-25,0.007853403,0.007792208
2018-12-26,38350,38400,38750,38300,12.61M,-0.0116,2018-12-25,2018-12-27,-0.002597403,-0.001302083
2018-12-27,38250,38700,38800,38100,10.46M,-0.0026,2018-12-26,2018-12-28,0.0078125,-0.011627907
2018-12-28,38700,38250,38900,38200,9.72M,0.0118,2018-12-27,2018-12-29,-0.011627907,0.011764706
2019-01-02,38750,39400,39400,38550,7.79M,0.0013,2019-01-01,2019-01-03,0.030065359,-0.016497462
2019-01-03,37600,38300,38550,37450,12.44M,-0.0297,2019-01-02,2019-01-04,-0.027918782,-0.018276762
2019-01-04,37450,37450,37600,36850,13.30M,-0.004,2019-01-03,2019-01-05,-0.022193211,0
2019-01-07,38750,38000,38900,37800,11.94M,0.0347,2019-01-06,2019-01-08,0.014686248,0.019736842
2019-01-08,38100,38000,39200,37950,12.64M,-0.0168,2019-01-07,2019-01-09,0,0.002631579
2019-01-09,39600,38650,39600,38300,16.96M,0.0394,2019-01-08,2019-01-10,0.017105263,0.02457956
2019-01-10,39800,40000,40150,39600,14.33M,0.0051,2019-01-09,2019-01-11,0.034928849,-0.005
2019-01-11,40500,40350,40550,39950,11.23M,0.0176,2019-01-10,2019-01-12,0.00875,0.003717472
2019-01-14,40050,40450,40700,39850,11.98M,-0.0111,2019-01-13,2019-01-15,0.002478315,-0.009888752
2019-01-15,41100,40050,41100,39850,11.22M,0.0262,2019-01-14,2019-01-16,-0.009888752,0.026217228
2019-01-16,41450,41150,41450,40700,8.48M,0.0085,2019-01-15,2019-01-17,0.027465668,0.007290401
2019-01-17,41950,41700,42100,41450,11.57M,0.0121,2019-01-16,2019-01-18,0.013365735,0.005995204
2019-01-18,42300,42000,42400,41950,9.73M,0.0083,2019-01-17,2019-01-19,0.007194245,0.007142857
2019-01-21,42750,42700,42750,41900,11.34M,0.0106,2019-01-20,2019-01-22,0.016666667,0.00117096
2019-01-22,42150,42750,42850,41850,9.91M,-0.014,2019-01-21,2019-01-23,0.00117096,-0.014035088
2019-01-23,42000,41350,42250,41350,10.38M,-0.0036,2019-01-22,2019-01-24,-0.032748538,0.015719468
2019-01-24,43050,43050,43100,42350,14.17M,0.025,2019-01-23,2019-01-25,0.041112455,0
2019-01-25,44750,44300,44750,43750,21.94M,0.0395,2019-01-24,2019-01-26,0.029036005,0.010158014
2019-01-28,45050,45000,45500,44600,17.60M,0.0067,2019-01-27,2019-01-29,0.015801354,0.001111111
2019-01-29,45500,45050,45500,44350,15.05M,0.01,2019-01-28,2019-01-30,0.001111111,0.009988901
2019-01-30,46400,44800,46400,44800,17.06M,0.0198,2019-01-29,2019-01-31,-0.00554939,0.035714286
2019-01-31,46150,46650,47050,46150,21.47M,-0.0054,2019-01-30,2019-02-01,0.041294643,-0.010718114
2019-02-01,46350,46650,46950,46250,13.63M,0.0043,2019-01-31,2019-02-02,0,-0.006430868
2019-02-07,46200,46800,47100,46200,15.64M,-0.0032,2019-02-06,2019-02-08,0.003215434,-0.012820513
2019-02-08,44800,45700,45700,44650,12.49M,-0.0303,2019-02-07,2019-02-09,-0.023504274,-0.019693654
2019-02-11,45000,44500,45000,44250,10.23M,0.0045,2019-02-10,2019-02-12,-0.026258206,0.011235955
2019-02-12,46050,44650,46250,44650,12.99M,0.0233,2019-02-11,2019-02-13,0.003370787,0.031354983
2019-02-13,46200,46400,46700,46000,11.29M,0.0033,2019-02-12,2019-02-14,0.039193729,-0.004310345
2019-02-14,47500,46600,47500,46150,17.12M,0.0281,2019-02-13,2019-02-15,0.004310345,0.019313305
2019-02-15,46050,46750,46850,45650,10.54M,-0.0305,2019-02-14,2019-02-16,0.003218884,-0.014973262
2019-02-18,46200,46500,46850,45850,8.17M,0.0033,2019-02-17,2019-02-19,-0.005347594,-0.006451613
2019-02-19,45950,45850,46150,45450,6.73M,-0.0054,2019-02-18,2019-02-20,-0.013978495,0.002181025
2019-02-20,46900,46750,47100,46500,11.22M,0.0207,2019-02-19,2019-02-21,0.019629226,0.003208556
2019-02-21,46950,46500,47200,46200,8.45M,0.0011,2019-02-20,2019-02-22,-0.005347594,0.009677419
2019-02-22,47150,46500,47150,46450,6.67M,0.0043,2019-02-21,2019-02-23,0,0.013978495
2019-02-25,47350,47400,47550,47050,7.46M,0.0042,2019-02-24,2019-02-26,0.019354839,-0.001054852
2019-02-26,46750,47350,47450,46500,7.98M,-0.0127,2019-02-25,2019-02-27,-0.001054852,-0.012671595
2019-02-27,46750,47000,47250,46750,7.69M,0,2019-02-26,2019-02-28,-0.007391763,-0.005319149
2019-02-28,45100,46400,46500,45100,23.50M,-0.0353,2019-02-27,2019-03-01,-0.012765957,-0.028017241
2019-03-04,44850,46000,46100,44800,12.67M,-0.0055,2019-03-03,2019-03-05,-0.00862069,-0.025
2019-03-05,44250,44600,45100,44150,10.50M,-0.0134,2019-03-04,2019-03-06,-0.030434783,-0.007847534
2019-03-06,44000,44000,44300,43700,9.95M,-0.0056,2019-03-05,2019-03-07,-0.013452915,0
2019-03-07,44450,43400,44950,43400,10.99M,0.0102,2019-03-06,2019-03-08,-0.013636364,0.024193548
2019-03-08,43800,44450,44800,43800,7.70M,-0.0146,2019-03-07,2019-03-09,0.024193548,-0.014623172
2019-03-11,43650,44400,44450,43650,8.51M,-0.0034,2019-03-10,2019-03-12,-0.001124859,-0.016891892
2019-03-12,44650,44300,44950,44150,10.83M,0.0229,2019-03-11,2019-03-13,-0.002252252,0.007900677
2019-03-13,43850,44250,44450,43700,8.10M,-0.0179,2019-03-12,2019-03-14,-0.001128668,-0.009039548
2019-03-14,43850,43700,44300,43550,18.02M,0,2019-03-13,2019-03-15,-0.012429379,0.003432494
2019-03-15,44200,43800,44250,43700,14.61M,0.008,2019-03-14,2019-03-16,0.00228833,0.00913242
2019-03-18,43700,43950,44150,43450,8.16M,-0.0113,2019-03-17,2019-03-19,0.003424658,-0.005688282
2019-03-19,43900,43750,43900,43550,7.60M,0.0046,2019-03-18,2019-03-20,-0.004550626,0.003428571
2019-03-20,44050,43800,44200,43100,9.83M,0.0034,2019-03-19,2019-03-21,0.001142857,0.005707763
2019-03-21,45850,44600,46250,44050,21.03M,0.0409,2019-03-20,2019-03-22,0.01826484,0.028026906
2019-03-22,46550,46850,47000,46250,12.49M,0.0153,2019-03-21,2019-03-23,0.05044843,-0.006403415
2019-03-25,45500,45300,45650,44800,8.68M,-0.0226,2019-03-24,2019-03-26,-0.033084312,0.004415011
2019-03-26,45250,45500,45700,44900,9.65M,-0.0055,2019-03-25,2019-03-27,0.004415011,-0.005494505
2019-03-27,45350,44750,45600,44250,9.32M,0.0022,2019-03-26,2019-03-28,-0.016483516,0.013407821
2019-03-28,44850,44950,45200,44300,6.81M,-0.011,2019-03-27,2019-03-29,0.004469274,-0.002224694
2019-03-29,44650,44500,44900,44200,11.00M,-0.0045,2019-03-28,2019-03-30,-0.010011123,0.003370787
2019-04-01,45050,45200,45450,44850,6.79M,0.009,2019-03-31,2019-04-02,0.015730337,-0.003318584
2019-04-02,45750,45550,46100,45350,8.90M,0.0155,2019-04-01,2019-04-03,0.007743363,0.004390779
2019-04-03,46600,46750,46750,45800,12.00M,0.0186,2019-04-02,2019-04-04,0.026344676,-0.003208556
2019-04-04,46950,46150,47100,46150,11.44M,0.0075,2019-04-03,2019-04-05,-0.012834225,0.017334778
2019-04-05,46850,46950,47550,46600,8.53M,-0.0021,2019-04-04,2019-04-06,0.017334778,-0.002129925
2019-04-08,46650,47250,47250,46150,8.49M,-0.0043,2019-04-07,2019-04-09,0.006389776,-0.012698413
2019-04-09,46650,46700,46950,46200,6.88M,0,2019-04-08,2019-04-10,-0.011640212,-0.001070664
2019-04-10,46700,46400,46700,46050,10.35M,0.0011,2019-04-09,2019-04-11,-0.006423983,0.006465517
2019-04-11,46250,46700,46800,46150,13.62M,-0.0096,2019-04-10,2019-04-12,0.006465517,-0.009635974
2019-04-12,46850,46050,46900,46000,7.65M,0.013,2019-04-11,2019-04-13,-0.01391863,0.017372421
2019-04-15,47050,47150,47500,47000,8.72M,0.0043,2019-04-14,2019-04-16,0.023887079,-0.002120891
2019-04-16,47250,47400,47400,46800,7.62M,0.0043,2019-04-15,2019-04-17,0.005302227,-0.003164557
2019-04-17,47050,47300,47600,47000,5.47M,-0.0042,2019-04-16,2019-04-18,-0.002109705,-0.005285412
2019-04-18,45600,47200,47250,45500,10.83M,-0.0308,2019-04-17,2019-04-19,-0.002114165,-0.033898305
2019-04-19,45300,45750,46000,45250,8.35M,-0.0066,2019-04-18,2019-04-20,-0.030720339,-0.009836066
2019-04-22,45350,45400,45900,45100,5.90M,0.0011,2019-04-21,2019-04-23,-0.007650273,-0.001101322
2019-04-23,45200,45050,45500,45000,6.88M,-0.0033,2019-04-22,2019-04-24,-0.007709251,0.003329634
2019-04-24,44750,45400,45650,44150,12.18M,-0.01,2019-04-23,2019-04-25,0.007769145,-0.014317181
2019-04-25,44650,44250,45000,44100,9.52M,-0.0022,2019-04-24,2019-04-26,-0.025330396,0.009039548
2019-04-26,44850,44200,45000,43800,9.37M,0.0045,2019-04-25,2019-04-27,-0.001129944,0.014705882
2019-04-29,46150,45150,46150,45100,8.48M,0.029,2019-04-28,2019-04-30,0.021493213,0.022148394
2019-04-30,45850,46000,46300,45350,10.16M,-0.0065,2019-04-29,2019-05-01,0.018826135,-0.00326087
2019-05-02,45900,45500,46150,45400,8.62M,0.0011,2019-05-01,2019-05-03,-0.010869565,0.008791209
2019-05-03,45300,45900,46050,45300,6.54M,-0.0131,2019-05-02,2019-05-04,0.008791209,-0.013071895
2019-05-07,44850,45250,45300,44400,11.96M,-0.0099,2019-05-06,2019-05-08,-0.01416122,-0.008839779
2019-05-08,44250,44300,44850,44200,10.04M,-0.0134,2019-05-07,2019-05-09,-0.020994475,-0.001128668
2019-05-09,42450,43900,44250,42450,22.04M,-0.0407,2019-05-08,2019-05-10,-0.009029345,-0.033029613
2019-05-10,42900,42600,43450,42450,13.51M,0.0106,2019-05-09,2019-05-11,-0.029612756,0.007042254
2019-05-13,42650,42500,43200,42350,7.62M,-0.0058,2019-05-12,2019-05-14,-0.002347418,0.003529412
2019-05-14,42650,41300,43100,41300,11.54M,0,2019-05-13,2019-05-15,-0.028235294,0.032687651
2019-05-15,42550,42700,43050,42550,7.66M,-0.0023,2019-05-14,2019-05-16,0.033898305,-0.003512881
2019-05-16,41550,42350,42400,41350,13.62M,-0.0235,2019-05-15,2019-05-17,-0.008196721,-0.018890201
2019-05-17,41200,41950,42050,40850,12.29M,-0.0084,2019-05-16,2019-05-18,-0.0094451,-0.017878427
2019-05-20,42000,41650,42100,41550,13.11M,0.0194,2019-05-19,2019-05-21,-0.007151371,0.008403361
2019-05-21,43150,42600,43950,42350,18.69M,0.0274,2019-05-20,2019-05-22,0.022809124,0.012910798
2019-05-22,43500,43700,43800,42400,10.70M,0.0081,2019-05-21,2019-05-23,0.025821596,-0.004576659
2019-05-23,43850,43900,44000,43250,12.19M,0.008,2019-05-22,2019-05-24,0.004576659,-0.001138952
2019-05-24,42700,43800,43800,42400,13.34M,-0.0262,2019-05-23,2019-05-25,-0.002277904,-0.025114155
2019-05-27,42650,42500,43000,42350,7.44M,-0.0012,2019-05-26,2019-05-28,-0.029680365,0.003529412
2019-05-28,42550,42550,42950,42150,22.59M,-0.0023,2019-05-27,2019-05-29,0.001176471,0
2019-05-29,41800,41850,42100,41300,14.52M,-0.0176,2019-05-28,2019-05-30,-0.016451234,-0.001194743
2019-05-30,42550,42200,42700,42150,9.98M,0.0179,2019-05-29,2019-05-31,0.008363202,0.008293839
2019-05-31,42500,42600,42800,42150,10.21M,-0.0012,2019-05-30,2019-06-01,0.009478673,-0.002347418
2019-06-03,43800,42950,43900,42500,15.08M,0.0306,2019-06-02,2019-06-04,0.008215962,0.019790454
2019-06-04,43450,43400,43700,43000,9.87M,-0.008,2019-06-03,2019-06-05,0.010477299,0.001152074
2019-06-05,43900,44050,44200,43700,10.82M,0.0104,2019-06-04,2019-06-06,0.014976959,-0.003405221
2019-06-07,44200,43600,44350,43450,11.62M,0.0068,2019-06-06,2019-06-08,-0.010215664,0.013761468
2019-06-10,44800,44300,44850,44050,8.62M,0.0136,2019-06-09,2019-06-11,0.016055046,0.011286682
2019-06-11,44850,44800,45000,44550,6.63M,0.0011,2019-06-10,2019-06-12,0.011286682,0.001116071
2019-06-12,44600,44800,45050,44300,8.55M,-0.0056,2019-06-11,2019-06-13,0,-0.004464286
2019-06-13,43750,44200,44400,43400,16.89M,-0.0191,2019-06-12,2019-06-14,-0.013392857,-0.010180995
2019-06-14,44000,43750,44150,43300,8.31M,0.0057,2019-06-13,2019-06-15,-0.010180995,0.005714286
2019-06-17,43900,43750,44050,43400,7.36M,-0.0023,2019-06-16,2019-06-18,-0.005681818,0.003428571
2019-06-18,44350,43750,44500,43650,7.98M,0.0103,2019-06-17,2019-06-19,0,0.013714286
2019-06-19,45350,45450,45450,45000,9.36M,0.0225,2019-06-18,2019-06-20,0.038857143,-0.00220022
2019-06-20,45500,44850,45500,44850,6.76M,0.0033,2019-06-19,2019-06-21,-0.01320132,0.014492754
2019-06-21,45700,45750,45800,45200,9.32M,0.0044,2019-06-20,2019-06-22,0.02006689,-0.001092896
2019-06-24,45500,45200,45800,45200,6.07M,-0.0044,2019-06-23,2019-06-25,-0.010940919,0.006637168
2019-06-25,45600,45200,45800,45200,6.87M,0.0022,2019-06-24,2019-06-26,0,0.008849558
2019-06-26,45700,45800,46000,45600,9.02M,0.0022,2019-06-25,2019-06-27,0.013274336,-0.002183406
2019-06-27,46500,46000,46600,45750,12.58M,0.0175,2019-06-26,2019-06-28,0.004366812,0.010869565
2019-06-28,47000,47000,47000,46700,12.25M,0.0108,2019-06-27,2019-06-29,0.02173913,0
2019-07-01,46600,47350,47400,46250,11.03M,-0.0085,2019-06-30,2019-07-02,0.007446809,-0.015839493
2019-07-02,46250,46200,46900,45850,8.43M,-0.0075,2019-07-01,2019-07-03,-0.024287223,0.001082251
2019-07-03,45400,45750,46350,45200,9.66M,-0.0184,2019-07-02,2019-07-04,-0.00974026,-0.007650273
2019-07-04,46000,45250,46200,45250,6.36M,0.0132,2019-07-03,2019-07-05,-0.010928962,0.016574586
2019-07-05,45650,45950,45950,45250,7.22M,-0.0076,2019-07-04,2019-07-06,0.015469613,-0.006528836
2019-07-08,44400,44750,44800,44350,7.81M,-0.0274,2019-07-07,2019-07-09,-0.026115343,-0.007821229
2019-07-09,45100,44850,45450,44700,7.63M,0.0158,2019-07-08,2019-07-10,0.002234637,0.005574136
2019-07-10,45550,45550,46150,45500,9.17M,0.01,2019-07-09,2019-07-11,0.015607581,0
2019-07-11,46200,46350,46550,46150,10.85M,0.0143,2019-07-10,2019-07-12,0.017563117,-0.003236246
2019-07-12,46300,46350,46400,45800,5.12M,0.0022,2019-07-11,2019-07-13,0,-0.001078749
2019-07-15,46450,45950,46650,45750,4.71M,0.0032,2019-07-14,2019-07-16,-0.007559395,0.010881393
2019-07-16,46850,46450,46850,46300,7.21M,0.0086,2019-07-15,2019-07-17,0.010881393,0.00861141
2019-07-17,46050,46150,46350,45950,5.21M,-0.0171,2019-07-16,2019-07-18,-0.006458558,-0.002166847
2019-07-18,46100,46450,46450,45650,4.95M,0.0011,2019-07-17,2019-07-19,0.006500542,-0.007534984
2019-07-19,46800,46650,46950,46600,7.98M,0.0152,2019-07-18,2019-07-20,0.004305705,0.003215434
2019-07-22,47200,46800,47300,46600,9.01M,0.0085,2019-07-21,2019-07-23,0,0.008547009
2019-07-23,47300,47350,47550,47050,8.90M,0.0021,2019-07-22,2019-07-24,0.011752137,-0.001055966
2019-07-24,46400,47100,47150,46250,8.34M,-0.019,2019-07-23,2019-07-25,-0.005279831,-0.014861996
2019-07-25,47200,47150,47200,46600,8.38M,0.0172,2019-07-24,2019-07-26,0.001061571,0.001060445
2019-07-26,47150,46650,47150,46550,7.67M,-0.0011,2019-07-25,2019-07-27,-0.010604454,0.010718114
2019-07-29,46100,46800,47050,46000,6.85M,-0.0223,2019-07-28,2019-07-30,-0.007423118,-0.014957265
2019-07-30,46550,46300,46850,46300,5.51M,0.0098,2019-07-29,2019-07-31,-0.010683761,0.005399568
2019-07-31,45350,46200,46600,45000,12.82M,-0.0258,2019-07-30,2019-08-01,-0.002159827,-0.018398268
2019-08-01,45200,44900,45500,44850,7.74M,-0.0033,2019-07-31,2019-08-02,-0.028138528,0.006681514
2019-08-02,44950,44550,45500,44300,11.82M,-0.0055,2019-08-01,2019-08-03,-0.0077951,0.008978676
2019-08-05,43950,44350,44600,43600,13.32M,-0.0222,2019-08-04,2019-08-06,-0.013348165,-0.009019166
2019-08-06,43500,42500,43800,42500,15.06M,-0.0102,2019-08-05,2019-08-07,-0.041713641,0.023529412
2019-08-07,43200,43600,43900,43100,9.99M,-0.0069,2019-08-06,2019-08-08,0.025882353,-0.009174312
2019-08-08,42650,43250,43500,42650,16.00M,-0.0127,2019-08-07,2019-08-09,-0.008027523,-0.013872832
2019-08-09,43150,43250,43350,43050,9.08M,0.0117,2019-08-08,2019-08-10,0,-0.002312139
2019-08-12,43700,44000,44000,43550,7.27M,0.0127,2019-08-11,2019-08-13,0.019698725,-0.006818182
2019-08-13,43000,43500,43500,42950,6.96M,-0.016,2019-08-12,2019-08-14,-0.011363636,-0.011494253
2019-08-14,43700,43900,44250,43500,8.50M,0.0163,2019-08-13,2019-08-15,0.009195402,-0.004555809
2019-08-16,43900,43800,43900,43300,9.45M,0.0046,2019-08-15,2019-08-17,0.00228833,0.002283105
2019-08-19,43600,44350,44350,43500,5.97M,-0.0068,2019-08-18,2019-08-20,0.010250569,-0.016910936
2019-08-20,44450,43950,44600,43550,8.41M,0.0195,2019-08-19,2019-08-21,-0.009019166,0.011376564
2019-08-21,44500,44350,44800,44150,6.52M,0.0011,2019-08-20,2019-08-22,0.009101251,0.003382187
2019-08-22,44050,44500,44700,43850,8.05M,-0.0101,2019-08-21,2019-08-23,0.003382187,-0.01011236
2019-08-23,43950,43800,44200,43650,4.64M,-0.0023,2019-08-22,2019-08-24,-0.015730337,0.003424658
2019-08-26,43600,43050,43800,42950,7.94M,-0.008,2019-08-25,2019-08-27,-0.020477816,0.012775842
2019-08-27,44050,43650,44200,43600,16.31M,0.0103,2019-08-26,2019-08-28,0.013937282,0.009163803
2019-08-28,44150,44100,44400,43750,5.75M,0.0023,2019-08-27,2019-08-29,0.010309278,0.001133787
2019-08-29,43400,44200,44200,43050,10.13M,-0.017,2019-08-28,2019-08-30,0.002267574,-0.018099548
2019-08-30,44000,43750,44300,43750,8.78M,0.0138,2019-08-29,2019-08-31,-0.010180995,0.005714286
2019-09-02,43800,44850,44850,43650,7.11M,-0.0045,2019-09-01,2019-09-03,0.019318182,-0.023411371
2019-09-03,43250,43550,43650,43100,8.52M,-0.0126,2019-09-02,2019-09-04,-0.028985507,-0.006888634
2019-09-04,44100,43250,44100,43150,11.48M,0.0197,2019-09-03,2019-09-05,-0.006888634,0.019653179
2019-09-05,45700,44800,46100,44450,17.82M,0.0363,2019-09-04,2019-09-06,0.03583815,0.020089286
2019-09-06,46300,46500,46500,45850,9.70M,0.0131,2019-09-05,2019-09-07,0.037946429,-0.004301075
2019-09-09,46900,46450,47000,46300,9.17M,0.013,2019-09-08,2019-09-10,0.003239741,0.009687836
2019-09-10,47000,47100,47200,46550,9.16M,0.0021,2019-09-09,2019-09-11,0.013993541,-0.002123142
2019-09-11,47150,47300,47400,46800,16.12M,0.0032,2019-09-10,2019-09-12,0.004246285,-0.003171247
2019-09-16,47100,47000,47100,46400,11.99M,-0.0011,2019-09-15,2019-09-17,-0.003181336,0.00212766
2019-09-17,46900,47000,47100,46800,5.99M,-0.0042,2019-09-16,2019-09-18,0,-0.00212766
2019-09-18,47700,46900,47700,46800,9.82M,0.0171,2019-09-17,2019-09-19,-0.00212766,0.017057569
2019-09-19,49150,48050,49200,47850,15.19M,0.0304,2019-09-18,2019-09-20,0.024520256,0.02289282
2019-09-20,49200,49400,49600,49100,14.91M,0.001,2019-09-19,2019-09-21,0.028095734,-0.004048583
2019-09-23,49300,49250,49300,49000,7.40M,0.002,2019-09-22,2019-09-24,0.00101626,0.001015228
2019-09-24,49500,49050,49650,48850,7.84M,0.0041,2019-09-23,2019-09-25,-0.004060914,0.009174312
2019-09-25,48900,49200,49350,48800,9.11M,-0.0121,2019-09-24,2019-09-26,0.003058104,-0.006097561
2019-09-26,49200,49000,49250,48900,8.36M,0.0061,2019-09-25,2019-09-27,-0.004065041,0.004081633
2019-09-27,48400,48000,48700,48000,8.03M,-0.0163,2019-09-26,2019-09-28,-0.020408163,0.008333333
2019-09-30,49050,48050,49250,47900,9.20M,0.0134,2019-09-29,2019-10-01,-0.007231405,0.020811655
2019-10-01,48850,48900,49100,48650,6.20M,-0.0041,2019-09-30,2019-10-02,0.017689906,-0.001022495
2019-10-02,47600,48350,48400,47600,8.37M,-0.0256,2019-10-01,2019-10-03,-0.011247444,-0.015511892
2019-10-04,48000,47400,48650,47350,8.46M,0.0084,2019-10-03,2019-10-05,-0.004201681,0.012658228
2019-10-07,47750,48350,48700,47650,6.47M,-0.0052,2019-10-06,2019-10-08,0.007291667,-0.012409514
2019-10-08,48900,47900,49000,47600,13.29M,0.0241,2019-10-07,2019-10-09,-0.009307135,0.020876827
2019-10-10,48550,48200,49200,48000,17.84M,-0.0072,2019-10-09,2019-10-11,-0.014314928,0.007261411
2019-10-11,49150,49000,49450,48800,7.73M,0.0124,2019-10-10,2019-10-12,0.01659751,0.003061224
2019-10-14,50000,50000,50300,49850,10.87M,0.0173,2019-10-13,2019-10-15,0.017293998,0
2019-10-15,50100,49900,50200,49900,5.90M,0.002,2019-10-14,2019-10-16,-0.002,0.004008016
2019-10-16,50700,50700,50900,50400,9.01M,0.012,2019-10-15,2019-10-17,0.016032064,0
2019-10-17,50500,50500,50600,50100,6.61M,-0.0039,2019-10-16,2019-10-18,-0.003944773,0
2019-10-18,49900,50300,50900,49650,8.40M,-0.0119,2019-10-17,2019-10-19,-0.003960396,-0.007952286
2019-10-21,50300,49900,50400,49800,4.39M,0.008,2019-10-20,2019-10-22,0,0.008016032
2019-10-22,51200,50800,51500,50700,10.71M,0.0179,2019-10-21,2019-10-23,0.018036072,0.007874016
2019-10-23,51200,51300,51500,50800,8.46M,0,2019-10-22,2019-10-24,0.00984252,-0.001949318
2019-10-24,50700,52500,52500,50500,10.77M,-0.0098,2019-10-23,2019-10-25,0.023391813,-0.034285714
2019-10-25,50900,50800,51200,50500,7.84M,0.0039,2019-10-24,2019-10-26,-0.032380952,0.001968504
2019-10-28,51300,50700,51500,50700,6.34M,0.0079,2019-10-27,2019-10-29,-0.003929273,0.01183432
2019-10-29,51100,51400,51700,50800,7.14M,-0.0039,2019-10-28,2019-10-30,0.013806706,-0.005836576
2019-10-30,50400,50700,50800,50200,8.87M,-0.0137,2019-10-29,2019-10-31,-0.013618677,-0.00591716
2019-10-31,50400,51000,51400,50300,10.21M,0,2019-10-30,2019-11-01,0.00591716,-0.011764706
2019-11-01,51200,50600,51200,50400,7.54M,0.0159,2019-10-31,2019-11-02,-0.007843137,0.011857708
2019-11-04,52300,51700,52300,51400,12.76M,0.0215,2019-11-03,2019-11-05,0.009765625,0.011605416
2019-11-05,52700,52400,52700,52100,10.12M,0.0076,2019-11-04,2019-11-06,0.013539652,0.005725191
2019-11-06,53300,52900,53500,52700,13.12M,0.0114,2019-11-05,2019-11-07,0.009541985,0.007561437
2019-11-07,52900,53400,53400,52400,9.14M,-0.0075,2019-11-06,2019-11-08,0.009451796,-0.009363296
2019-11-08,52100,53200,53300,52000,10.39M,-0.0151,2019-11-07,2019-11-09,-0.003745318,-0.020676692
2019-11-11,51600,52200,52200,51400,8.18M,-0.0096,2019-11-10,2019-11-12,0.001919386,-0.011494253
2019-11-12,52600,51800,52600,51600,6.10M,0.0194,2019-11-11,2019-11-13,-0.007662835,0.015444015
2019-11-13,52500,52500,52500,52000,6.22M,-0.0019,2019-11-12,2019-11-14,0.013513514,0
2019-11-14,52800,51900,52800,51900,12.00M,0.0057,2019-11-13,2019-11-15,-0.011428571,0.01734104
2019-11-15,53700,52900,53700,52600,9.68M,0.017,2019-11-14,2019-11-16,0.019267823,0.015122873
2019-11-18,53500,53600,53800,53200,7.65M,-0.0037,2019-11-17,2019-11-19,-0.001862197,-0.001865672
2019-11-19,53500,53200,53500,52700,8.10M,0,2019-11-18,2019-11-20,-0.007462687,0.005639098
2019-11-20,52000,53400,53400,52000,11.83M,-0.028,2019-11-19,2019-11-21,0.003759398,-0.026217228
2019-11-21,51000,51600,52100,50600,14.25M,-0.0192,2019-11-20,2019-11-22,-0.033707865,-0.011627907
2019-11-22,51600,51000,51600,50900,8.33M,0.0118,2019-11-21,2019-11-23,-0.011627907,0.011764706
2019-11-25,51800,52200,52600,51700,9.01M,0.0039,2019-11-24,2019-11-26,0.023529412,-0.007662835
2019-11-26,51800,51900,52900,51800,26.04M,0,2019-11-25,2019-11-27,-0.005747126,-0.001926782
2019-11-27,52200,51800,52300,51600,7.19M,0.0077,2019-11-26,2019-11-28,-0.001926782,0.007722008
2019-11-28,51300,51900,52100,51300,6.15M,-0.0172,2019-11-27,2019-11-29,0.001930502,-0.011560694
2019-11-29,50300,51200,51400,50200,11.01M,-0.0195,2019-11-28,2019-11-30,-0.013487476,-0.017578125
2019-12-02,50400,50900,51300,50400,9.59M,0.002,2019-12-01,2019-12-03,0.011928429,-0.009823183
2019-12-03,49900,49800,50300,49500,12.00M,-0.0099,2019-12-02,2019-12-04,-0.021611002,0.002008032
2019-12-04,49450,49600,49850,49000,12.96M,-0.009,2019-12-03,2019-12-05,-0.004016064,-0.003024194
2019-12-05,49500,50200,50400,49500,10.02M,0.001,2019-12-04,2019-12-06,0.012096774,-0.013944223
2019-12-06,50400,50100,50900,49950,10.87M,0.0182,2019-12-05,2019-12-07,-0.001992032,0.005988024
2019-12-09,51200,50900,51400,50700,8.27M,0.0159,2019-12-08,2019-12-10,0.009920635,0.00589391
2019-12-10,51500,51000,51600,50700,6.87M,0.0059,2019-12-09,2019-12-11,0.001964637,0.009803922
2019-12-11,51900,51500,52200,51400,11.00M,0.0078,2019-12-10,2019-12-12,0.009803922,0.00776699
2019-12-12,53300,53000,53300,52700,28.45M,0.027,2019-12-11,2019-12-13,0.029126214,0.005660377
2019-12-13,54700,54500,54800,53900,17.59M,0.0263,2019-12-12,2019-12-14,0.028301887,0.003669725
2019-12-16,54700,54500,54900,54300,11.10M,0,2019-12-15,2019-12-17,-0.003656307,0.003669725
2019-12-17,56700,55800,56700,55400,18.75M,0.0366,2019-12-16,2019-12-18,0.023853211,0.016129032
2019-12-18,56300,56700,57200,56000,15.49M,-0.0071,2019-12-17,2019-12-19,0.016129032,-0.007054674
2019-12-19,56000,57000,57300,55500,13.95M,-0.0053,2019-12-18,2019-12-20,0.005291005,-0.01754386
2019-12-20,56000,56100,56500,55600,12.07M,0,2019-12-19,2019-12-21,-0.015789474,-0.001782531
2019-12-23,55500,56100,56400,55100,9.49M,-0.0089,2019-12-22,2019-12-24,0.001785714,-0.010695187
2019-12-24,55000,55600,55700,54800,9.19M,-0.009,2019-12-23,2019-12-25,-0.008912656,-0.010791367
2019-12-26,55400,54700,55400,54400,9.57M,0.0073,2019-12-25,2019-12-27,-0.005454545,0.012797075
2019-12-27,56500,55700,56900,55500,12.29M,0.0199,2019-12-26,2019-12-28,0.018281536,0.014362657
2019-12-30,55800,56200,56600,55700,8.35M,-0.0124,2019-12-29,2019-12-31,-0.005309735,-0.007117438
2020-01-02,55200,55500,56000,55000,12.76M,-0.0108,2020-01-01,2020-01-03,-0.012455516,-0.005405405
2020-01-03,55500,56000,56600,54900,15.31M,0.0054,2020-01-02,2020-01-04,0.009009009,-0.008928571
2020-01-06,55500,54900,55600,54600,10.24M,0,2020-01-05,2020-01-07,-0.010810811,0.010928962
2020-01-07,55800,55700,56400,55600,9.89M,0.0054,2020-01-06,2020-01-08,0.014571949,0.001795332
2020-01-08,56800,56200,57400,55900,23.33M,0.0179,2020-01-07,2020-01-09,0.008976661,0.010676157
2020-01-09,58600,58400,58600,57400,23.23M,0.0317,2020-01-08,2020-01-10,0.039145907,0.003424658
2020-01-10,59500,58800,59700,58300,15.83M,0.0154,2020-01-09,2020-01-11,0.006849315,0.011904762
2020-01-13,60000,59600,60000,59100,11.26M,0.0084,2020-01-12,2020-01-14,0.001680672,0.006711409
2020-01-14,60000,60400,61000,59900,16.08M,0,2020-01-13,2020-01-15,0.013422819,-0.006622517
2020-01-15,59000,59500,59600,58900,13.72M,-0.0167,2020-01-14,2020-01-16,-0.014900662,-0.008403361
2020-01-16,60700,59100,60700,59000,13.56M,0.0288,2020-01-15,2020-01-17,-0.006722689,0.027072758
2020-01-17,61300,61900,62000,61000,15.45M,0.0099,2020-01-16,2020-01-18,0.047377327,-0.009693053
2020-01-20,62400,62000,62800,61700,12.46M,0.0179,2020-01-19,2020-01-21,0.01141925,0.006451613
2020-01-21,61400,62000,62400,61200,11.11M,-0.016,2020-01-20,2020-01-22,0,-0.009677419
2020-01-22,62300,60500,62600,60400,15.05M,0.0147,2020-01-21,2020-01-23,-0.024193548,0.029752066
2020-01-23,60800,61800,61800,60700,14.88M,-0.0241,2020-01-22,2020-01-24,0.021487603,-0.01618123
2020-01-28,58800,59400,59400,58300,22.63M,-0.0329,2020-01-27,2020-01-29,-0.023026316,-0.01010101
2020-01-29,59100,59100,59700,58800,16.26M,0.0051,2020-01-28,2020-01-30,-0.005050505,0
2020-01-30,57200,58800,58800,56800,20.72M,-0.0321,2020-01-29,2020-01-31,-0.005076142,-0.027210884
2020-01-31,56400,57800,58400,56400,19.49M,-0.014,2020-01-30,2020-02-01,-0.017006803,-0.024221453
2020-02-03,57200,55500,57400,55200,22.91M,0.0142,2020-02-02,2020-02-04,-0.015957447,0.030630631
2020-02-04,58900,57100,59000,56800,21.10M,0.0297,2020-02-03,2020-02-05,0.028828829,0.031523643
2020-02-05,59500,60000,60200,58900,18.19M,0.0102,2020-02-04,2020-02-06,0.050788091,-0.008333333
2020-02-06,61100,60100,61100,59700,14.68M,0.0269,2020-02-05,2020-02-07,0.001666667,0.016638935
2020-02-07,60400,61100,61200,59700,16.27M,-0.0115,2020-02-06,2020-02-08,0.016638935,-0.011456628
2020-02-10,59700,59200,59800,59100,12.69M,-0.0116,2020-02-09,2020-02-11,-0.01986755,0.008445946
2020-02-11,59900,59800,60700,59700,10.95M,0.0034,2020-02-10,2020-02-12,0.010135135,0.001672241
2020-02-12,60500,60300,60700,59700,12.73M,0.01,2020-02-11,2020-02-13,0.008361204,0.00331675
2020-02-13,60700,61200,61600,60500,18.34M,0.0033,2020-02-12,2020-02-14,0.014925373,-0.008169935
2020-02-14,61800,60900,61900,60200,13.26M,0.0181,2020-02-13,2020-02-15,-0.004901961,0.014778325
2020-02-17,61500,61600,62000,61200,8.49M,-0.0049,2020-02-16,2020-02-18,-0.003236246,-0.001623377
2020-02-18,59800,60800,60900,59700,16.63M,-0.0276,2020-02-17,2020-02-19,-0.012987013,-0.016447368
2020-02-19,60200,59800,60400,59400,12.94M,0.0067,2020-02-18,2020-02-20,-0.016447368,0.006688963
2020-02-20,60000,60700,61300,59600,14.51M,-0.0033,2020-02-19,2020-02-21,0.015050167,-0.011532125
2020-02-21,59200,58800,59800,58500,13.28M,-0.0133,2020-02-20,2020-02-22,-0.031301483,0.006802721
2020-02-24,56800,57400,58100,56800,25.36M,-0.0405,2020-02-23,2020-02-25,-0.030405405,-0.010452962
2020-02-25,57900,56200,58000,56200,23.07M,0.0194,2020-02-24,2020-02-26,-0.020905923,0.03024911
2020-02-26,56500,56000,57000,56000,25.38M,-0.0242,2020-02-25,2020-02-27,-0.003558719,0.008928571
2020-02-27,55900,56300,56900,55500,22.36M,-0.0106,2020-02-26,2020-02-28,0.005357143,-0.007104796
2020-02-28,54200,55000,55500,54200,29.91M,-0.0304,2020-02-27,2020-02-29,-0.023090586,-0.014545455
2020-03-02,55000,54300,55500,53600,29.21M,0.0148,2020-03-01,2020-03-03,0.001845018,0.012891344
2020-03-03,55400,56700,56900,55100,29.81M,0.0073,2020-03-02,2020-03-04,0.044198895,-0.02292769
2020-03-04,57400,54800,57600,54600,24.32M,0.0361,2020-03-03,2020-03-05,-0.0335097,0.047445255
2020-03-05,57800,57600,58000,56700,21.66M,0.007,2020-03-04,2020-03-06,0.051094891,0.003472222
2020-03-06,56500,56500,57200,56200,18.59M,-0.0225,2020-03-05,2020-03-07,-0.019097222,0
2020-03-09,54200,54700,55000,53600,30.01M,-0.0407,2020-03-08,2020-03-10,-0.031858407,-0.009140768
2020-03-10,54600,53800,54900,53700,31.33M,0.0074,2020-03-09,2020-03-11,-0.016453382,0.014869888
2020-03-11,52100,54300,54400,52000,37.83M,-0.0458,2020-03-10,2020-03-12,0.00929368,-0.040515654
2020-03-12,50800,51000,51900,49300,47.90M,-0.025,2020-03-11,2020-03-13,-0.060773481,-0.003921569
2020-03-13,49950,47450,51600,46850,58.33M,-0.0167,2020-03-12,2020-03-14,-0.069607843,0.052687039
2020-03-16,48900,50100,50900,48800,33.06M,-0.021,2020-03-15,2020-03-17,0.003003003,-0.023952096
2020-03-17,47300,46900,49650,46700,50.59M,-0.0327,2020-03-16,2020-03-18,-0.063872255,0.008528785
2020-03-18,45600,47750,48350,45600,38.15M,-0.0359,2020-03-17,2020-03-19,0.018123667,-0.045026178
2020-03-19,42950,46500,46600,42300,0.64K,-0.0581,2020-03-18,2020-03-20,-0.02617801,-0.076344086
2020-03-20,45400,44150,45500,43550,49.16M,0.057,2020-03-19,2020-03-21,-0.050537634,0.028312571
2020-03-23,42500,42600,43550,42400,29.15K,-0.0639,2020-03-22,2020-03-24,-0.061674009,-0.002347418
2020-03-24,46950,43800,46950,43100,0.89K,0.1047,2020-03-23,2020-03-25,0.028169014,0.071917808
2020-03-25,48650,48950,49600,47150,45.01K,0.0362,2020-03-24,2020-03-26,0.117579909,-0.006128703
2020-03-26,47800,48950,49300,47750,3.39K,-0.0175,2020-03-25,2020-03-27,0,-0.023493361
2020-03-27,48300,49600,49700,46850,39.73M,0.0105,2020-03-26,2020-03-28,0.013278856,-0.026209677
2020-03-30,47850,47050,48350,46550,26.67M,-0.0093,2020-03-29,2020-03-31,-0.025879917,0.017003188
2020-03-31,47750,48000,48500,47150,30.48M,-0.0021,2020-03-30,2020-04-01,0.020191286,-0.005208333
2020-04-01,45800,47450,47900,45800,27.08M,-0.0408,2020-03-31,2020-04-02,-0.011458333,-0.034773446
2020-04-02,46800,46200,46850,45350,21.41M,0.0218,2020-04-01,2020-04-03,-0.026343519,0.012987013
2020-04-03,47000,47400,47600,46550,22.46M,0.0043,2020-04-02,2020-04-04,0.025974026,-0.008438819
2020-04-06,48700,47500,48800,47250,23.09M,0.0362,2020-04-05,2020-04-07,0.010638298,0.025263158
2020-04-07,49600,49650,50200,49000,31.24M,0.0185,2020-04-06,2020-04-08,0.045263158,-0.001007049
2020-04-08,48600,49600,49750,48600,24.87M,-0.0202,2020-04-07,2020-04-09,-0.001007049,-0.02016129
2020-04-09,49100,49750,49800,48700,22.47M,0.0103,2020-04-08,2020-04-10,0.003024194,-0.013065327
2020-04-10,49250,48950,49250,48650,17.79M,0.0031,2020-04-09,2020-04-11,-0.016080402,0.006128703
2020-04-13,48300,48650,48900,48300,14.38M,-0.0193,2020-04-12,2020-04-14,-0.012182741,-0.007194245
2020-04-14,49000,48800,49200,48300,14.10M,0.0145,2020-04-13,2020-04-15,0.003083248,0.004098361
2020-04-16,49000,49350,49350,48550,22.57M,0,2020-04-15,2020-04-17,0.007142857,-0.007092199
2020-04-17,51400,50800,52000,50300,31.74M,0.049,2020-04-16,2020-04-18,0.029381966,0.011811024
2020-04-20,50100,51400,51400,50000,21.58M,-0.0253,2020-04-19,2020-04-21,0,-0.025291829
2020-04-21,49250,49400,49700,48700,26.89M,-0.017,2020-04-20,2020-04-22,-0.038910506,-0.003036437
2020-04-22,49850,48700,50000,48350,18.54M,0.0122,2020-04-21,2020-04-23,-0.01417004,0.023613963
2020-04-23,49850,50200,50300,49500,17.93M,0,2020-04-22,2020-04-24,0.030800821,-0.006972112
2020-04-24,49350,49650,49750,49000,15.56M,-0.01,2020-04-23,2020-04-25,-0.010956175,-0.006042296
2020-04-27,49850,49350,50000,49100,13.74M,0.0101,2020-04-26,2020-04-28,0,0.010131712
2020-04-28,50100,49850,50100,49300,15.69M,0.005,2020-04-27,2020-04-29,0.010131712,0.005015045
2020-04-29,50000,49900,50500,49600,15.56M,-0.002,2020-04-28,2020-04-30,0.001003009,0.002004008
2020-05-04,48500,48900,49100,48500,25.80M,-0.03,2020-05-03,2020-05-05,-0.022,-0.008179959
2020-05-06,49200,49000,49200,48500,18.00M,0.0144,2020-05-05,2020-05-07,0.010309278,0.004081633
2020-05-07,48800,49200,49300,48700,13.73M,-0.0081,2020-05-06,2020-05-08,0.004081633,-0.008130081
2020-05-08,48800,49100,49350,48800,15.13M,0,2020-05-07,2020-05-09,-0.00203252,-0.00610998
2020-05-11,48400,48900,49250,48300,15.94M,-0.0082,2020-05-10,2020-05-12,0.00204918,-0.010224949
2020-05-12,47900,48400,48500,47550,22.07M,-0.0103,2020-05-11,2020-05-13,-0.010224949,-0.010330579
2020-05-13,48550,47250,48550,47200,26.96K,0.0136,2020-05-12,2020-05-14,-0.023760331,0.027513228
2020-05-14,48000,47800,48100,47650,5.42K,-0.0113,2020-05-13,2020-05-15,0.011640212,0.0041841
2020-05-15,47850,48400,48450,47700,17.79M,-0.0031,2020-05-14,2020-05-16,0.012552301,-0.011363636
2020-05-18,48800,47950,49100,47600,0.21K,0.0199,2020-05-17,2020-05-19,0.002089864,0.017726799
2020-05-19,50300,50100,50500,49700,8.24K,0.0307,2020-05-18,2020-05-20,0.044838373,0.003992016
2020-05-20,50000,50000,50200,49800,12.86M,-0.006,2020-05-19,2020-05-21,-0.001996008,0
2020-05-21,49950,50300,50400,49850,14.58M,-0.001,2020-05-20,2020-05-22,0.006,-0.00695825
2020-05-22,48750,49600,49800,48600,19.29M,-0.024,2020-05-21,2020-05-23,-0.013916501,-0.017137097
2020-05-25,48850,48750,48900,48450,1.22K,0.0021,2020-05-24,2020-05-26,0,0.002051282
2020-05-26,49250,48700,49450,48600,15.73K,0.0082,2020-05-25,2020-05-27,-0.001025641,0.011293634
2020-05-27,49900,48950,50000,48800,1.96K,0.0132,2020-05-26,2020-05-28,0.00513347,0.019407559
2020-05-28,50400,51000,51200,49950,2.43K,0.01,2020-05-27,2020-05-29,0.041879469,-0.011764706
2020-05-29,50700,50000,50700,49700,26.33M,0.006,2020-05-28,2020-05-30,-0.019607843,0.014
2020-06-01,51200,50800,51200,50600,35.32K,0.0099,2020-05-31,2020-06-02,0.001972387,0.007874016
2020-06-02,51400,51100,51500,50800,0.12K,0.0039,2020-06-01,2020-06-03,0.005905512,0.005870841
2020-06-03,54500,51800,55000,51700,4.73K,0.0603,2020-06-02,2020-06-04,0.01369863,0.052123552
2020-06-04,54600,55800,56900,54600,4.92K,0.0018,2020-06-03,2020-06-05,0.077220077,-0.021505376
2020-06-05,55500,54400,55900,54000,22.40M,0.0165,2020-06-04,2020-06-06,-0.025089606,0.020220588
2020-06-08,54900,56500,56500,54700,0.50K,-0.0108,2020-06-07,2020-06-09,0.018018018,-0.028318584
2020-06-09,55500,55900,56400,54500,12.26K,0.0109,2020-06-08,2020-06-10,-0.010619469,-0.007155635
2020-06-10,55400,55200,55900,54900,6.58K,-0.0018,2020-06-09,2020-06-11,-0.012522361,0.003623188
2020-06-11,54300,54500,55100,53200,1.17K,-0.0199,2020-06-10,2020-06-12,-0.012681159,-0.003669725
2020-06-12,52300,52100,52800,51500,26.38M,-0.0368,2020-06-11,2020-06-13,-0.044036697,0.003838772
2020-06-15,51100,51400,52000,51000,16.21M,-0.0229,2020-06-14,2020-06-16,-0.017208413,-0.005836576
2020-06-19,52900,52600,52900,51600,17.47M,0.0115,,,,
2020-06-18,52300,52100,52300,51600,4.82K,0.0019,,,,
2020-06-17,52200,52500,52600,52000,22.81K,0.0019,,,,
2020-06-16,52100,51200,52100,50600,21.42M,0.0441,,,,
2020-06-15,49900,51400,52000,49900,1.70K,-0.0459,,,,
2020-06-25,51900,52100,53000,51900,18.35M,-0.0189,,,,
2020-06-24,52900,51900,53900,51600,2.28K,0.0292,,,,
2020-06-23,51400,52500,52700,51100,1.70K,-0.0115,,,,
2020-06-22,52000,52100,52600,51800,0.06K,-0.017,,,,
